"Tarih","Şimdi","Açılış","Yüksek","Düşük","Hac.","Fark %"
"17.01.2019","122,03","121,71","123,03","117,51","3,61M","0,25%"
"16.01.2019","121,72","119,59","126,50","119,10","3,83M","1,75%"
"15.01.2019","119,62","127,55","129,60","116,90","4,31M","-6,20%"
"14.01.2019","127,53","114,65","130,30","114,62","3,86M","11,24%"
"13.01.2019","114,64","123,75","124,09","112,79","2,98M","-7,36%"
"12.01.2019","123,75","125,15","126,15","122,73","2,21M","-1,11%"
"11.01.2019","125,15","125,61","127,83","121,28","3,77M","-0,39%"
"10.01.2019","125,63","148,78","150,09","121,98","6,48M","-15,56%"
"09.01.2019","148,79","148,41","152,57","147,95","2,34M","0,26%"
"08.01.2019","148,41","149,96","152,21","146,29","3,04M","-1,03%"
"07.01.2019","149,96","154,96","156,36","148,47","2,88M","-3,23%"
"06.01.2019","154,96","153,48","158,29","148,63","4,23M","0,96%"
"05.01.2019","153,49","152,87","159,78","152,84","4,85M","0,41%"
"04.01.2019","152,86","146,94","155,40","145,29","4,92M","4,03%"
"03.01.2019","146,94","152,96","154,30","144,39","4,02M","-3,93%"
"02.01.2019","152,95","139,58","155,93","138,74","5,51M","9,56%"
"01.01.2019","139,61","131,90","140,51","130,67","3,05M","5,84%"
"31.12.2018","131,90","138,45","138,72","129,61","3,23M","-4,73%"
"30.12.2018","138,45","133,64","139,76","129,51","4,35M","3,57%"
"29.12.2018","133,67","136,59","146,02","130,71","5,92M","-2,15%"
"28.12.2018","136,61","114,57","137,22","113,14","5,94M","19,25%"
"27.12.2018","114,56","130,06","131,51","112,59","4,83M","-11,92%"
"26.12.2018","130,06","128,39","136,13","123,39","5,11M","1,30%"
"25.12.2018","128,39","139,06","139,74","122,14","7,04M","-7,79%"
"24.12.2018","139,23","129,60","158,27","129,48","9,39M","7,43%"
"23.12.2018","129,60","115,85","132,46","115,79","6,66M","11,88%"
"22.12.2018","115,84","108,18","115,87","105,97","3,30M","7,07%"
"21.12.2018","108,18","114,60","118,67","105,59","5,18M","-5,61%"
"20.12.2018","114,61","99,36","116,35","98,63","6,34M","15,35%"
"19.12.2018","99,37","100,68","107,89","98,57","5,58M","-1,28%"
"18.12.2018","100,66","94,37","101,33","91,96","4,66M","6,66%"
"17.12.2018","94,37","84,72","96,99","84,61","5,37M","11,40%"
"16.12.2018","84,72","83,90","87,62","83,89","3,61M","0,97%"
"15.12.2018","83,90","83,81","85,07","81,97","3,04M","0,11%"
"14.12.2018","83,81","86,31","87,00","82,28","3,84M","-2,90%"
"13.12.2018","86,31","89,62","90,72","84,83","3,94M","-3,69%"
"12.12.2018","89,62","87,72","91,33","87,19","3,46M","1,46%"
"11.12.2018","88,32","90,18","91,94","86,25","4,38M","-2,05%"
"10.12.2018","90,17","93,62","95,30","88,68","4,15M","-3,68%"
"09.12.2018","93,62","90,56","98,76","88,82","4,88M","3,37%"
"08.12.2018","90,57","93,28","97,98","84,75","5,68M","-2,90%"
"07.12.2018","93,27","90,85","96,99","77,65","7,73M","2,65%"
"06.12.2018","90,86","102,36","104,42","90,57","5,06M","-11,21%"
"05.12.2018","102,33","110,14","110,70","102,24","3,04M","-7,04%"
"04.12.2018","110,09","108,66","113,16","106,13","2,48M","1,31%"
"03.12.2018","108,66","116,40","127,08","106,79","2,66M","-6,65%"
"02.12.2018","116,41","118,23","120,71","116,08","2,10M","-1,54%"
"01.12.2018","118,23","113,76","120,45","111,62","2,87M","3,91%"
"30.11.2018","113,77","117,86","119,80","111,73","4,27M","-3,46%"
"29.11.2018","117,85","122,75","123,77","114,81","4,00M","-3,99%"
"28.11.2018","122,74","111,19","126,60","111,19","5,41M","10,40%"
"27.11.2018","111,18","110,08","113,67","102,84","5,42M","1,00%"
"26.11.2018","110,08","118,03","120,56","106,44","5,09M","-6,75%"
"25.11.2018","118,04","114,42","121,10","102,80","6,74M","3,15%"
"24.11.2018","114,43","124,63","129,34","111,79","3,81M","-8,19%"
"23.11.2018","124,64","126,17","128,08","119,76","4,47M","-1,17%"
"22.11.2018","126,12","137,75","139,74","125,93","2,92M","-8,42%"
"21.11.2018","137,72","132,90","140,86","126,84","5,12M","3,61%"
"20.11.2018","132,92","150,27","153,55","127,30","7,69M","-11,46%"
"19.11.2018","150,12","178,76","178,93","146,86","5,23M","-15,97%"
"18.11.2018","178,65","176,53","182,07","176,06","1,59M","1,20%"
"17.11.2018","176,53","176,99","177,93","174,94","44,19M","-0,27%"
"16.11.2018","177,01","184,10","184,88","175,29","43,39M","-3,85%"
"15.11.2018","184,10","187,51","189,79","171,99","69,51M","-1,79%"
"14.11.2018","187,46","210,44","210,59","177,34","45,72M","-10,92%"
"13.11.2018","210,44","212,79","213,88","209,40","27,77M","-1,10%"
"12.11.2018","212,79","213,10","214,95","211,54","17,81M","-0,18%"
"11.11.2018","213,18","213,19","214,22","209,51","48,66M","-0,01%"
"10.11.2018","213,21","211,39","215,47","210,61","10,44M","0,86%"
"09.11.2018","211,39","212,87","215,26","209,23","3,47M","-0,70%"
"08.11.2018","212,87","218,80","220,53","212,79","23,56M","-2,71%"
"07.11.2018","218,80","220,22","224,64","217,16","15,96M","-0,65%"
"06.11.2018","220,22","210,67","221,32","209,15","33,87M","4,54%"
"05.11.2018","210,67","211,86","212,42","207,82","77,47M","-0,56%"
"04.11.2018","211,86","200,27","218,35","199,38","54,20M","5,81%"
"03.11.2018","200,23","202,67","203,16","199,63","8,62M","-1,20%"
"02.11.2018","202,66","198,17","203,75","198,13","7,26M","2,27%"
"01.11.2018","198,17","198,59","199,79","197,84","12,55M","-0,21%"
"31.10.2018","198,59","197,27","201,89","193,00","19,69M","0,61%"
"30.10.2018","197,39","196,83","198,96","195,28","22,41M","0,17%"
"29.10.2018","197,05","204,84","205,79","195,03","17,76M","-3,87%"
"28.10.2018","204,99","204,36","205,52","203,05","9,11M","0,31%"
"27.10.2018","204,36","204,78","206,22","203,06","9,76M","-0,11%"
"26.10.2018","204,58","204,08","208,94","203,19","13,99M","0,23%"
"25.10.2018","204,11","205,12","206,12","202,99","15,68M","-0,49%"
"24.10.2018","205,12","205,68","207,86","205,00","18,18M","-0,27%"
"23.10.2018","205,68","207,03","207,95","202,99","19,71M","-0,53%"
"22.10.2018","206,77","207,38","209,39","205,50","27,13M","-0,29%"
"21.10.2018","207,37","207,76","211,65","207,04","14,65M","-0,32%"
"20.10.2018","208,04","205,12","209,37","203,65","12,48M","1,50%"
"19.10.2018","204,97","206,60","208,74","204,02","26,32M","-0,78%"
"18.10.2018","206,58","213,16","215,23","203,95","16,21M","-3,22%"
"17.10.2018","213,46","215,06","216,60","210,10","16,84M","-0,74%"
"16.10.2018","215,06","214,27","218,71","211,37","20,24M","0,37%"
"15.10.2018","214,26","197,09","235,83","195,40","41,35M","8,72%"
"14.10.2018","197,08","201,22","207,53","195,51","12,89M","-2,06%"
"13.10.2018","201,22","196,67","206,13","196,41","976,30K","2,30%"
"12.10.2018","196,70","190,89","202,90","190,89","1,69M","3,04%"
"11.10.2018","190,89","226,33","226,36","188,65","3,50M","-15,65%"
"10.10.2018","226,30","228,28","231,32","224,74","1,07M","-0,85%"
"09.10.2018","228,25","229,83","232,66","226,81","945,43K","-0,69%"
"08.10.2018","229,84","226,11","231,66","224,79","1,30M","1,65%"
"07.10.2018","226,11","225,19","227,44","222,00","1,47M","0,41%"
"06.10.2018","225,18","228,34","228,69","223,01","8,20M","-1,38%"
"05.10.2018","228,34","222,33","231,88","220,00","7,63M","2,59%"
"04.10.2018","222,57","220,48","227,14","219,75","7,83M","0,93%"
"03.10.2018","220,51","225,84","227,15","216,44","8,47M","-2,36%"
"02.10.2018","225,84","231,77","232,97","223,75","8,17M","-2,56%"
"01.10.2018","231,77","232,80","235,95","225,33","8,31M","-0,44%"
"30.09.2018","232,80","231,90","238,64","227,01","8,74M","0,40%"
"29.09.2018","231,87","221,95","237,45","215,15","8,90M","4,55%"
"28.09.2018","221,77","229,18","234,14","215,39","7,34M","-3,22%"
"27.09.2018","229,15","214,46","232,60","211,31","7,37M","6,91%"
"26.09.2018","214,35","219,14","222,41","208,91","6,37M","-2,14%"
"25.09.2018","219,04","228,02","228,59","204,84","5,78M","-3,93%"
"24.09.2018","228,01","244,67","246,87","225,73","4,54M","-6,81%"
"23.09.2018","244,67","240,82","249,02","238,14","4,03M","1,60%"
"22.09.2018","240,82","247,92","254,36","233,46","5,16M","-2,86%"
"21.09.2018","247,92","224,43","250,74","222,05","6,76M","10,47%"
"20.09.2018","224,42","209,74","225,48","207,78","4,47M","7,00%"
"19.09.2018","209,74","209,02","214,91","199,19","5,68M","0,34%"
"18.09.2018","209,03","196,17","213,93","195,24","5,32M","6,52%"
"17.09.2018","196,24","220,20","224,48","192,87","7,49M","-10,88%"
"16.09.2018","220,20","221,94","223,14","208,61","4,64M","-0,79%"
"15.09.2018","221,94","209,88","259,37","209,06","5,53M","5,70%"
"14.09.2018","209,98","210,98","224,60","203,16","7,71M","-0,48%"
"13.09.2018","211,00","183,11","214,57","183,11","7,46M","15,31%"
"12.09.2018","182,98","185,07","186,57","169,08","5,83M","-1,13%"
"11.09.2018","185,07","197,05","200,42","177,29","5,15M","-6,08%"
"10.09.2018","197,04","195,81","203,64","187,35","4,38M","0,63%"
"09.09.2018","195,80","196,69","208,23","187,26","5,47M","-0,50%"
"08.09.2018","196,79","215,51","220,85","191,16","4,47M","-8,72%"
"07.09.2018","215,60","229,58","234,49","214,84","4,51M","-6,10%"
"06.09.2018","229,60","228,76","232,66","212,90","5,81M","0,37%"
"05.09.2018","228,77","285,17","288,01","227,76","6,21M","-19,78%"
"04.09.2018","285,17","288,98","292,60","283,40","5,02M","-1,29%"
"03.09.2018","288,92","295,05","296,76","285,95","5,35M","-2,08%"
"02.09.2018","295,05","295,32","299,38","289,45","5,85M","-0,09%"
"01.09.2018","295,31","281,94","301,92","281,76","4,53M","4,74%"
"31.08.2018","281,94","283,97","284,85","277,13","4,66M","-0,72%"
"30.08.2018","283,97","288,41","290,91","272,85","4,99M","-1,54%"
"29.08.2018","288,42","295,61","297,11","284,45","4,84M","-2,44%"
"28.08.2018","295,62","286,57","297,86","282,57","4,71M","3,16%"
"27.08.2018","286,57","274,46","286,57","271,90","4,89M","4,41%"
"26.08.2018","274,46","277,61","281,34","269,75","4,14M","-1,14%"
"25.08.2018","277,61","281,29","282,74","276,53","4,05M","-1,31%"
"24.08.2018","281,29","276,12","282,71","270,91","4,90M","1,87%"
"23.08.2018","276,12","269,84","279,19","268,94","3,94M","2,33%"
"22.08.2018","269,84","280,90","298,20","266,40","5,03M","-3,94%"
"21.08.2018","280,90","271,90","282,77","270,26","2,97M","3,62%"
"20.08.2018","271,08","299,33","303,74","270,17","3,88M","-9,44%"
"19.08.2018","299,33","293,90","306,30","289,50","3,54M","1,85%"
"18.08.2018","293,89","316,91","320,81","282,76","4,31M","-7,26%"
"17.08.2018","316,90","286,76","316,90","285,78","4,75M","10,51%"
"16.08.2018","286,76","281,12","298,19","278,60","4,08M","2,01%"
"15.08.2018","281,12","278,30","303,85","277,91","5,17M","1,06%"
"14.08.2018","278,19","284,00","284,00","250,84","5,96M","-2,05%"
"13.08.2018","284,01","318,20","321,22","281,17","2,33M","-10,74%"
"12.08.2018","318,18","317,63","327,51","314,71","1,52M","0,19%"
"11.08.2018","317,59","331,78","332,52","305,19","2,16M","-4,29%"
"10.08.2018","331,81","363,33","365,36","326,67","1,74M","-8,68%"
"09.08.2018","363,34","355,48","369,74","351,07","1,42M","2,22%"
"08.08.2018","355,44","378,29","380,15","348,98","2,05M","-6,03%"
"07.08.2018","378,25","405,38","410,57","370,06","1,63M","-6,70%"
"06.08.2018","405,40","408,81","413,40","401,66","1,02M","-0,84%"
"05.08.2018","408,85","407,11","412,51","401,22","1,02M","0,43%"
"04.08.2018","407,09","417,58","419,70","402,52","1,14M","-2,51%"
"03.08.2018","417,58","411,00","419,74","398,10","1,43M","1,60%"
"02.08.2018","411,00","420,33","424,51","408,21","1,32M","-2,21%"
"01.08.2018","420,30","431,88","434,43","407,96","1,64M","-2,60%"
"31.07.2018","431,50","456,65","457,33","427,81","1,52M","-5,51%"
"30.07.2018","456,64","466,41","468,60","447,06","1,38M","-2,09%"
"29.07.2018","466,41","468,89","471,78","462,04","1,04M","-0,51%"
"28.07.2018","468,78","470,24","471,47","461,55","1,07M","-0,31%"
"27.07.2018","470,23","462,79","473,58","457,36","1,17M","1,62%"
"26.07.2018","462,75","472,03","484,59","460,61","1,11M","-1,97%"
"25.07.2018","472,03","479,78","484,97","464,75","1,38M","-1,64%"
"24.07.2018","479,88","450,58","484,30","449,44","1,59M","6,51%"
"23.07.2018","450,56","459,02","470,37","448,14","1,32M","-1,84%"
"22.07.2018","459,02","461,51","472,88","456,35","918,81K","-0,54%"
"21.07.2018","461,52","449,44","468,95","443,04","972,66K","2,70%"
"20.07.2018","449,38","469,48","469,74","441,74","1,52M","-4,28%"
"19.07.2018","469,47","480,00","484,00","463,94","1,21M","-2,19%"
"18.07.2018","480,00","499,86","515,20","470,91","1,52M","-3,97%"
"17.07.2018","499,87","479,68","511,54","467,33","1,70M","4,18%"
"16.07.2018","479,79","450,87","480,84","446,14","1,42M","6,43%"
"15.07.2018","450,81","434,09","455,68","432,59","916,02K","3,85%"
"14.07.2018","434,09","432,88","439,94","429,89","932,65K","0,29%"
"13.07.2018","432,85","430,86","442,02","425,77","1,24M","0,47%"
"12.07.2018","430,84","445,96","446,27","418,71","1,55M","-3,40%"
"11.07.2018","445,99","432,67","447,62","425,60","1,05M","3,08%"
"10.07.2018","432,67","471,77","473,36","429,39","1,62M","-8,24%"
"09.07.2018","471,52","486,41","488,10","469,93","1,20M","-3,07%"
"08.07.2018","486,45","485,40","494,03","482,24","2,16M","0,22%"
"07.07.2018","485,40","469,91","486,18","464,29","1,62M","3,30%"
"06.07.2018","469,90","468,47","474,58","455,05","1,75M","0,30%"
"05.07.2018","468,47","467,58","478,59","459,68","1,74M","0,20%"
"04.07.2018","467,52","461,90","480,69","453,94","1,28M","1,22%"
"03.07.2018","461,89","475,73","483,93","460,63","1,72M","-2,90%"
"02.07.2018","475,70","452,57","479,94","442,29","1,91M","5,11%"
"01.07.2018","452,57","452,72","456,02","445,06","1,67M","-0,02%"
"30.06.2018","452,67","434,92","457,49","433,46","1,82M","3,97%"
"29.06.2018","435,37","421,23","441,29","406,12","1,78M","3,35%"
"28.06.2018","421,27","442,16","443,32","418,62","1,66M","-4,73%"
"27.06.2018","442,16","430,32","445,38","423,01","2,02M","2,75%"
"26.06.2018","430,33","458,76","459,96","429,87","5,31M","-6,20%"
"25.06.2018","458,76","454,81","472,54","437,08","4,41M","0,87%"
"24.06.2018","454,81","474,14","475,74","419,56","2,64M","-4,08%"
"23.06.2018","474,14","462,58","482,42","456,46","1,22M","2,50%"
"22.06.2018","462,57","525,97","526,26","450,72","1,74M","-12,06%"
"21.06.2018","526,01","536,31","544,71","522,47","774,03K","-1,92%"
"20.06.2018","536,31","538,22","541,08","517,42","873,14K","-0,36%"
"19.06.2018","538,22","517,91","547,50","514,88","985,96K","3,92%"
"18.06.2018","517,91","496,47","523,95","489,16","842,05K","4,33%"
"17.06.2018","496,43","496,95","507,19","494,73","604,79K","-0,10%"
"16.06.2018","496,93","487,88","502,47","484,89","749,09K","1,86%"
"15.06.2018","487,88","519,49","520,73","483,99","1,25M","-6,09%"
"14.06.2018","519,49","476,17","525,21","461,62","1,70M","9,10%"
"13.06.2018","476,17","494,60","501,64","450,67","1,56M","-3,70%"
"12.06.2018","494,48","531,40","538,16","484,99","1,24M","-6,95%"
"11.06.2018","531,42","524,64","535,63","510,29","1,21M","1,29%"
"10.06.2018","524,64","593,80","593,82","503,43","1,49M","-11,65%"
"09.06.2018","593,80","599,67","608,65","592,54","534,16K","-0,98%"
"08.06.2018","599,67","604,71","608,32","593,74","622,54K","-0,83%"
"07.06.2018","604,71","606,39","616,52","600,29","843,32K","-0,28%"
"06.06.2018","606,39","608,83","611,63","593,98","700,74K","-0,40%"
"05.06.2018","608,83","591,44","613,00","577,53","829,99K","2,94%"
"04.06.2018","591,44","619,09","624,81","580,71","809,80K","-4,46%"
"03.06.2018","619,08","591,33","627,51","590,81","764,93K","4,70%"
"02.06.2018","591,30","579,34","598,78","574,80","808,42K","2,07%"
"01.06.2018","579,30","577,87","589,55","565,69","861,91K","0,25%"
"31.05.2018","577,87","557,96","586,15","554,96","922,24K","3,56%"
"30.05.2018","557,98","566,86","584,90","543,16","1,06M","-1,56%"
"29.05.2018","566,81","512,32","572,71","511,94","1,38M","10,64%"
"28.05.2018","512,29","570,67","575,00","507,72","1,50M","-10,23%"
"27.05.2018","570,69","586,63","591,48","558,44","892,94K","-2,74%"
"26.05.2018","586,76","585,39","606,26","579,36","651,25K","0,24%"
"25.05.2018","585,39","602,40","616,48","569,77","1,08M","-2,83%"
"24.05.2018","602,43","577,52","609,39","547,39","1,56M","4,31%"
"23.05.2018","577,55","642,02","649,85","564,74","1,78M","-10,06%"
"22.05.2018","642,17","696,84","698,48","639,20","928,09K","-7,85%"
"21.05.2018","696,85","716,02","718,06","694,07","590,69K","-2,68%"
"20.05.2018","716,02","696,73","722,92","688,70","702,63K","2,77%"
"19.05.2018","696,76","693,28","716,51","683,38","732,31K","0,50%"
"18.05.2018","693,28","668,98","694,24","658,25","906,93K","3,63%"
"17.05.2018","668,97","706,53","718,50","663,91","953,69K","-5,32%"
"16.05.2018","706,53","705,73","710,49","667,51","978,18K","0,11%"
"15.05.2018","705,73","727,06","738,71","696,63","1,03M","-2,93%"
"14.05.2018","727,06","729,41","741,52","687,16","1,39M","-0,32%"
"13.05.2018","729,37","684,77","739,67","669,20","1,01M","6,64%"
"12.05.2018","683,94","676,97","689,83","635,23","1,34M","1,14%"
"11.05.2018","676,21","724,36","736,58","665,81","1,63M","-6,65%"
"10.05.2018","724,40","751,98","768,24","723,39","983,14K","-3,62%"
"09.05.2018","751,62","747,98","759,71","711,49","1,07M","0,42%"
"08.05.2018","748,48","759,35","761,43","721,49","1,14M","-0,74%"
"07.05.2018","754,03","793,29","797,30","700,40","2,12M","-4,94%"
"06.05.2018","793,19","818,75","838,26","755,09","1,16M","-3,07%"
"05.05.2018","818,33","785,29","830,03","782,18","1,00M","4,22%"
"04.05.2018","785,20","778,97","806,90","760,10","1,24M","0,80%"
"03.05.2018","778,95","688,23","788,61","686,79","1,55M","13,19%"
"02.05.2018","688,15","671,31","690,97","664,29","873,98K","2,52%"
"01.05.2018","671,26","670,12","674,36","630,33","1,03M","0,18%"
"30.04.2018","670,07","689,83","693,85","664,03","913,86K","-2,87%"
"29.04.2018","689,90","683,49","700,05","669,15","856,12K","0,94%"
"28.04.2018","683,49","643,96","693,79","640,92","871,55K","6,14%"
"27.04.2018","643,97","661,65","685,54","641,84","1,06M","-2,78%"
"26.04.2018","662,36","617,37","665,20","600,69","1,37M","7,29%"
"25.04.2018","617,36","702,94","703,25","594,98","2,72M","-12,18%"
"24.04.2018","703,02","644,08","711,74","644,05","1,48M","9,14%"
"23.04.2018","644,13","622,01","648,58","619,81","859,64K","3,52%"
"22.04.2018","622,23","605,58","643,58","591,78","1,02M","2,75%"
"21.04.2018","605,59","617,10","623,86","574,73","1,23M","-1,86%"
"20.04.2018","617,04","567,70","620,58","558,27","1,42M","8,73%"
"19.04.2018","567,49","525,74","570,15","522,15","1,04M","7,96%"
"18.04.2018","525,66","503,24","526,41","502,02","759,15K","4,47%"
"17.04.2018","503,19","511,75","520,86","501,73","826,71K","-1,69%"
"16.04.2018","511,82","533,89","537,32","498,87","1,03M","-4,14%"
"15.04.2018","533,90","502,52","534,18","502,52","988,29K","6,24%"
"14.04.2018","502,52","494,36","514,14","486,89","924,64K","1,83%"
"13.04.2018","493,48","494,25","528,71","482,19","1,67M","-0,11%"
"12.04.2018","494,03","430,13","498,13","414,07","1,86M","14,85%"
"11.04.2018","430,14","415,43","433,25","412,35","827,17K","3,54%"
"10.04.2018","415,45","399,04","417,84","391,81","709,22K","4,11%"
"09.04.2018","399,05","400,67","430,85","388,05","1,30M","-0,41%"
"08.04.2018","400,71","384,85","403,71","384,85","569,26K","4,12%"
"07.04.2018","384,87","369,97","394,66","369,41","600,40K","4,03%"
"06.04.2018","369,97","381,69","385,70","363,83","700,80K","-3,03%"
"05.04.2018","381,52","378,62","386,91","367,21","903,27K","0,75%"
"04.04.2018","378,68","415,58","416,38","371,35","1,12M","-8,87%"
"03.04.2018","415,55","385,02","418,78","380,89","1,06M","7,92%"
"02.04.2018","385,07","378,85","393,94","375,67","824,81K","1,67%"
"01.04.2018","378,75","394,10","399,46","359,49","1,24M","-3,86%"
"31.03.2018","393,96","393,75","419,07","390,09","1,21M","0,04%"
"30.03.2018","393,79","384,13","411,17","366,12","1,96M","2,52%"
"29.03.2018","384,12","446,86","449,33","380,85","2,01M","-14,03%"
"28.03.2018","446,84","448,73","465,09","440,84","918,12K","-0,37%"
"27.03.2018","448,48","485,97","491,77","446,70","1,31M","-7,72%"
"26.03.2018","485,98","523,46","526,22","467,46","1,15M","-7,17%"
"25.03.2018","523,50","520,44","535,11","513,05","495,85K","0,59%"
"24.03.2018","520,45","543,15","545,15","520,05","554,62K","-4,23%"
"23.03.2018","543,42","539,90","543,51","508,36","871,89K","0,66%"
"22.03.2018","539,87","559,90","577,63","517,81","887,95K","-3,63%"
"21.03.2018","560,24","557,09","589,83","545,87","1,01M","0,57%"
"20.03.2018","557,08","555,75","566,63","517,02","1,16M","0,17%"
"19.03.2018","556,16","536,72","558,33","516,31","1,46M","3,62%"
"18.03.2018","536,72","549,96","559,19","454,90","2,56M","-2,46%"
"17.03.2018","550,27","600,48","609,48","544,51","777,54K","-8,41%"
"16.03.2018","600,79","610,36","625,34","585,84","695,58K","-1,53%"
"15.03.2018","610,13","612,08","620,01","572,69","991,89K","-0,32%"
"14.03.2018","612,09","689,67","702,53","587,10","990,48K","-11,24%"
"13.03.2018","689,57","697,06","713,80","680,01","558,73K","-1,07%"
"12.03.2018","697,04","720,12","739,25","678,27","664,59K","-3,20%"
"11.03.2018","720,12","682,77","733,33","664,53","690,94K","5,51%"
"10.03.2018","682,52","725,70","746,13","678,46","673,80K","-5,97%"
"09.03.2018","725,89","698,91","728,83","644,46","1,13M","3,85%"
"08.03.2018","698,96","750,09","772,23","689,41","850,15K","-6,80%"
"07.03.2018","749,98","814,56","824,83","724,98","945,38K","-7,96%"
"06.03.2018","814,88","850,00","851,72","803,90","578,56K","-4,16%"
"05.03.2018","850,24","865,53","870,27","850,24","466,38K","-1,77%"
"04.03.2018","865,53","855,91","867,35","838,06","444,49K","1,12%"
"03.03.2018","855,91","855,46","868,51","853,45","407,54K","-0,02%"
"02.03.2018","856,09","870,51","875,69","850,47","463,75K","-1,60%"
"01.03.2018","870,04","852,44","879,53","848,41","514,50K","2,06%"
"28.02.2018","852,49","871,58","888,06","850,84","550,74K","-2,17%"
"27.02.2018","871,44","867,06","894,78","861,40","569,30K","0,51%"
"26.02.2018","866,99","841,28","879,18","835,34","619,75K","3,11%"
"25.02.2018","840,88","834,10","849,36","818,46","507,82K","0,78%"
"24.02.2018","834,36","854,99","874,49","810,91","669,62K","-2,60%"
"23.02.2018","856,65","803,56","882,61","787,95","868,36K","6,59%"
"22.02.2018","803,66","838,97","878,14","789,92","849,82K","-4,22%"
"21.02.2018","839,10","884,94","906,43","818,48","1,01M","-5,13%"
"20.02.2018","884,51","940,04","959,41","877,65","788,97K","-5,91%"
"19.02.2018","940,08","913,09","954,94","910,29","552,22K","2,95%"
"18.02.2018","913,10","971,57","980,27","903,28","869,06K","-6,02%"
"17.02.2018","971,54","937,35","972,86","934,49","648,32K","3,63%"
"16.02.2018","937,50","927,34","945,68","907,33","662,76K","1,07%"
"15.02.2018","927,56","919,53","945,99","902,56","952,23K","0,86%"
"14.02.2018","919,67","841,38","922,38","840,82","993,86K","9,30%"
"13.02.2018","841,38","865,72","868,92","822,98","733,53K","-2,80%"
"12.02.2018","865,62","811,01","875,52","810,99","837,42K","6,81%"
"11.02.2018","810,45","851,44","854,10","778,90","988,45K","-4,81%"
"10.02.2018","851,39","877,88","908,26","816,72","1,05M","-3,01%"
"09.02.2018","877,85","805,15","879,51","781,97","923,81K","9,00%"
"08.02.2018","805,40","752,75","831,02","751,76","1,25M","6,93%"
"07.02.2018","753,18","782,72","852,98","719,34","1,98M","-3,91%"
"06.02.2018","783,83","696,75","797,94","568,78","4,29M","12,48%"
"05.02.2018","696,86","828,49","859,72","634,64","2,99M","-15,98%"
"04.02.2018","829,43","971,49","972,66","788,79","1,34M","-14,62%"
"03.02.2018","971,49","920,93","997,51","850,38","1,07M","5,50%"
"02.02.2018","920,85","1.033,02","1.036,17","766,82","3,03M","-10,90%"
"01.02.2018","1.033,55","1.118,15","1.157,09","970,42","1,76M","-7,56%"
"31.01.2018","1.118,08","1.072,17","1.126,87","1.028,03","990,74K","4,31%"
"30.01.2018","1.071,90","1.174,36","1.178,92","1.042,90","1,42M","-8,77%"
"29.01.2018","1.175,00","1.245,50","1.259,80","1.155,90","488,44K","-5,74%"
"28.01.2018","1.246,60","1.114,70","1.264,80","1.109,00","662,74K","11,82%"
"27.01.2018","1.114,80","1.046,90","1.125,30","1.031,60","370,17K","6,48%"
"26.01.2018","1.047,00","1.048,20","1.078,60","983,00","485,47K","-0,11%"
"25.01.2018","1.048,20","1.061,80","1.102,40","1.025,10","567,30K","-1,41%"
"24.01.2018","1.063,20","982,11","1.068,80","952,04","606,14K","8,16%"
"23.01.2018","982,98","995,26","1.022,00","905,38","798,28K","-1,22%"
"22.01.2018","995,08","1.047,00","1.084,10","912,76","835,88K","-4,96%"
"21.01.2018","1.047,00","1.146,30","1.146,30","1.001,50","691,69K","-8,64%"
"20.01.2018","1.146,00","1.032,60","1.160,00","1.029,60","573,52K","10,98%"
"19.01.2018","1.032,60","993,92","1.079,00","960,10","612,19K","3,80%"
"18.01.2018","994,81","1.020,10","1.079,00","940,00","1,31M","-2,23%"
"17.01.2018","1.017,50","1.019,60","1.088,30","770,10","2,40M","-0,25%"
"16.01.2018","1.020,10","1.275,80","1.278,80","868,98","2,35M","-19,89%"
"15.01.2018","1.273,40","1.349,90","1.377,90","1.264,40","481,87K","-5,67%"
"14.01.2018","1.350,00","1.379,90","1.385,00","1.256,00","618,61K","-2,17%"
"13.01.2018","1.380,00","1.257,00","1.423,20","1.252,60","709,74K","9,77%"
"12.01.2018","1.257,20","1.135,10","1.285,00","1.083,40","732,33K","10,72%"
"11.01.2018","1.135,50","1.245,90","1.331,80","1.102,50","1,26M","-9,01%"
"10.01.2018","1.248,00","1.285,70","1.381,90","1.203,20","1,33M","-2,78%"
"09.01.2018","1.283,70","1.129,40","1.299,00","1.119,10","1,04M","13,67%"
"08.01.2018","1.129,30","1.115,90","1.225,00","968,12","1,54M","1,21%"
"07.01.2018","1.115,80","1.004,30","1.116,00","999,50","699,39K","11,10%"
"06.01.2018","1.004,30","962,77","1.014,20","951,38","447,26K","4,31%"
"05.01.2018","962,77","939,30","1.023,60","930,00","1,04M","2,42%"
"04.01.2018","940,00","942,01","997,00","893,24","1,22M","-0,21%"
"03.01.2018","942,01","858,78","954,73","840,00","1,09M","9,69%"
"02.01.2018","858,78","752,46","890,00","752,46","1,47M","14,13%"
"01.01.2018","752,46","736,77","762,00","717,94","425,46K","2,13%"
"31.12.2017","736,77","682,22","741,99","675,56","536,84K","8,00%"
"30.12.2017","682,22","731,52","737,56","640,43","936,94K","-6,74%"
"29.12.2017","731,52","711,42","755,00","703,02","716,87K","2,83%"
"28.12.2017","711,42","736,45","740,30","652,00","893,82K","-3,40%"
"27.12.2017","736,45","749,80","766,06","703,27","587,33K","-1,78%"
"26.12.2017","749,80","709,81","749,80","708,83","521,74K","5,63%"
"25.12.2017","709,81","659,89","737,00","651,76","764,73K","7,56%"
"24.12.2017","659,89","672,59","675,00","560,00","1,09M","-1,89%"
"23.12.2017","672,59","628,19","717,00","616,19","842,43K","7,07%"
"22.12.2017","628,19","786,97","792,00","492,01","2,73M","-20,18%"
"21.12.2017","786,97","794,99","848,08","747,10","1,20M","-1,01%"
"20.12.2017","794,99","799,98","826,20","709,00","1,48M","-0,62%"
"19.12.2017","799,98","783,99","863,00","750,01","1,81M","2,04%"
"18.12.2017","783,99","708,78","798,90","660,00","1,47M","10,61%"
"17.12.2017","708,78","683,25","725,00","683,24","737,16K","3,74%"
"16.12.2017","683,25","678,29","711,96","672,51","703,29K","0,73%"
"15.12.2017","678,29","686,51","698,31","610,00","1,26M","-1,20%"
"14.12.2017","686,51","690,69","760,00","651,00","1,73M","-0,61%"
"13.12.2017","690,69","634,87","742,00","573,00","2,40M","8,79%"
"12.12.2017","634,87","515,25","646,92","497,75","1,49M","23,22%"
"11.12.2017","515,25","429,24","531,20","429,14","784,74K","20,04%"
"10.12.2017","429,24","460,92","460,92","413,30","875,79K","-6,87%"
"09.12.2017","460,92","442,19","487,80","441,00","1,13M","4,24%"
"08.12.2017","442,19","415,02","453,61","400,34","1,12M","6,55%"
"07.12.2017","415,02","413,71","429,00","390,00","1,13M","0,32%"
"06.12.2017","413,71","451,87","454,23","403,00","1,29M","-8,44%"
"05.12.2017","451,87","465,00","467,38","444,17","656,34K","-2,82%"
"04.12.2017","465,00","459,49","471,06","439,27","431,18K","1,20%"
"03.12.2017","459,49","455,51","482,69","431,04","482,91K","0,87%"
"02.12.2017","455,51","460,67","472,00","447,00","473,67K","-1,12%"
"01.12.2017","460,67","432,21","467,00","413,96","594,10K","6,58%"
"30.11.2017","432,21","420,34","454,95","385,40","785,98K","2,82%"
"29.11.2017","420,34","465,56","517,00","403,01","801,26K","-9,71%"
"28.11.2017","465,56","473,44","479,00","457,20","538,34K","-1,66%"
"27.11.2017","473,44","464,00","491,89","458,25","671,20K","2,03%"
"26.11.2017","464,00","464,00","464,00","464,00","-","0,00%"
"25.11.2017","464,00","469,89","481,99","454,40","589,72K","-1,38%"
"24.11.2017","470,51","405,19","478,50","397,37","903,70K","16,12%"
"23.11.2017","405,19","380,48","426,27","374,34","925,00K","6,49%"
"22.11.2017","380,48","360,00","381,89","358,80","486,17K","5,69%"
"21.11.2017","360,00","367,94","373,50","350,00","696,99K","-2,16%"
"20.11.2017","367,94","354,70","373,70","352,03","519,57K","3,73%"
"19.11.2017","354,70","346,68","371,00","343,28","618,02K","2,31%"
"18.11.2017","346,68","331,00","350,40","325,32","518,81K","4,74%"
"17.11.2017","331,00","331,16","335,01","325,00","530,71K","0,07%"
"16.11.2017","330,76","330,59","335,11","321,18","521,94K","0,05%"
"15.11.2017","330,59","334,28","339,61","321,50","584,66K","-1,10%"
"14.11.2017","334,28","313,22","336,69","313,22","854,09K","6,72%"
"13.11.2017","313,22","303,90","318,00","302,40","696,37K","3,07%"
"12.11.2017","303,90","313,07","316,99","293,33","879,41K","-2,93%"
"11.11.2017","313,07","296,18","319,88","294,70","604,70K","5,70%"
"10.11.2017","296,18","319,52","324,03","286,00","1,16M","-7,30%"
"09.11.2017","319,52","307,50","328,80","305,00","881,18K","3,91%"
"08.11.2017","307,50","291,42","318,90","290,11","1,17M","5,52%"
"07.11.2017","291,42","296,90","304,20","285,01","757,80K","-1,85%"
"06.11.2017","296,90","295,63","310,00","292,00","557,78K","0,43%"
"05.11.2017","295,63","299,48","301,00","292,28","345,21K","-1,29%"
"04.11.2017","299,48","303,47","304,38","293,00","463,88K","-1,31%"
"03.11.2017","303,47","284,89","307,36","284,00","760,96K","6,52%"
"02.11.2017","284,89","288,60","293,01","275,21","910,76K","-1,29%"
"01.11.2017","288,60","303,69","305,11","287,04","538,44K","-4,97%"
"31.10.2017","303,69","307,00","312,00","303,10","285,81K","-1,08%"
"30.10.2017","307,00","304,39","314,40","303,93","301,72K","0,86%"
"29.10.2017","304,39","293,49","312,49","290,50","583,18K","3,71%"
"28.10.2017","293,49","295,99","297,01","288,60","245,78K","-0,84%"
"27.10.2017","295,99","295,10","299,50","291,60","239,63K","0,30%"
"26.10.2017","295,10","295,46","299,00","290,55","207,77K","-0,12%"
"25.10.2017","295,46","296,30","300,00","288,50","329,33K","-0,28%"
"24.10.2017","296,30","284,85","311,85","280,02","758,33K","4,02%"
"23.10.2017","284,85","293,55","293,96","273,50","597,47K","-2,96%"
"22.10.2017","293,55","299,23","305,62","289,40","334,09K","-1,90%"
"21.10.2017","299,23","302,61","303,00","289,31","368,61K","-1,12%"
"20.10.2017","302,61","306,97","313,01","301,04","415,81K","-1,42%"
"19.10.2017","306,97","313,45","316,50","304,00","413,13K","-2,07%"
"18.10.2017","313,45","315,65","316,21","287,46","885,21K","-0,70%"
"17.10.2017","315,65","334,46","334,80","308,00","671,49K","-5,62%"
"16.10.2017","334,46","337,23","355,00","330,85","945,25K","-0,82%"
"15.10.2017","337,23","339,24","344,89","315,00","875,27K","-0,59%"
"14.10.2017","339,24","337,46","348,00","334,05","528,58K","0,53%"
"13.10.2017","337,46","303,06","350,00","298,00","1,34M","11,35%"
"12.10.2017","303,06","303,20","310,01","302,10","649,86K","-0,05%"
"11.10.2017","303,20","299,32","306,55","296,60","407,08K","1,30%"
"10.10.2017","299,32","297,40","307,00","292,57","366,24K","0,65%"
"09.10.2017","297,40","309,82","311,16","287,03","630,80K","-4,01%"
"08.10.2017","309,82","311,46","314,39","307,55","363,24K","-0,53%"
"07.10.2017","311,46","308,43","315,00","304,50","409,62K","0,98%"
"06.10.2017","308,43","295,12","309,59","293,04","373,26K","4,51%"
"05.10.2017","295,12","291,40","297,92","285,12","317,81K","1,28%"
"04.10.2017","291,40","291,69","296,00","287,56","394,45K","-0,10%"
"03.10.2017","291,69","296,82","300,50","285,93","452,02K","-1,73%"
"02.10.2017","296,82","304,26","304,63","292,10","468,96K","-2,45%"
"01.10.2017","304,26","303,44","305,57","295,00","385,33K","0,27%"
"30.09.2017","303,44","292,66","307,76","292,30","459,21K","3,68%"
"29.09.2017","292,66","302,63","303,90","280,50","966,41K","-3,29%"
"28.09.2017","302,63","309,75","310,69","297,75","491,02K","-2,30%"
"27.09.2017","309,75","289,28","315,51","286,93","748,36K","7,08%"
"26.09.2017","289,28","295,20","296,38","285,20","366,53K","-2,01%"
"25.09.2017","295,20","282,00","297,93","281,80","652,31K","4,68%"
"24.09.2017","282,00","285,90","294,54","275,41","687,97K","-1,36%"
"23.09.2017","285,90","262,19","287,20","259,01","570,42K","9,04%"
"22.09.2017","262,19","256,67","269,50","253,03","643,20K","2,15%"
"21.09.2017","256,67","283,50","287,53","251,52","1,03M","-9,46%"
"20.09.2017","283,50","282,63","294,00","277,00","512,32K","0,31%"
"19.09.2017","282,63","296,81","299,00","275,00","941,08K","-4,78%"
"18.09.2017","296,81","257,00","299,89","257,00","1,33M","15,49%"
"17.09.2017","257,00","253,00","263,69","239,00","685,70K","1,58%"
"16.09.2017","253,00","258,68","270,00","242,20","1,08M","-2,20%"
"15.09.2017","258,68","222,50","269,00","198,00","3,34M","16,26%"
"14.09.2017","222,50","275,48","281,01","221,71","2,25M","-19,23%"
"13.09.2017","275,48","293,90","294,16","256,00","1,57M","-6,27%"
"12.09.2017","293,90","297,19","316,73","283,00","915,33K","-1,11%"
"11.09.2017","297,19","297,90","308,00","287,33","609,03K","-0,24%"
"10.09.2017","297,90","303,08","305,00","276,11","891,44K","-1,71%"
"09.09.2017","303,08","304,00","307,08","291,46","594,28K","-0,30%"
"08.09.2017","304,00","334,10","334,58","291,00","1,08M","-9,01%"
"07.09.2017","334,10","337,36","338,66","321,10","582,98K","-0,97%"
"06.09.2017","337,36","316,18","339,50","314,81","805,38K","6,70%"
"05.09.2017","316,18","295,81","323,17","267,64","1,34M","6,89%"
"04.09.2017","295,81","350,63","351,59","275,00","1,99M","-15,63%"
"03.09.2017","350,63","345,00","368,40","328,33","742,59K","1,63%"
"02.09.2017","345,00","390,35","390,77","325,10","1,08M","-11,62%"
"01.09.2017","390,35","387,30","395,03","383,60","461,31K","0,79%"
"31.08.2017","387,30","382,78","390,00","380,10","345,07K","1,18%"
"30.08.2017","382,78","372,00","390,10","365,10","660,23K","2,90%"
"29.08.2017","372,00","347,09","375,98","346,42","631,68K","7,18%"
"28.08.2017","347,09","348,01","352,00","332,74","389,24K","-0,26%"
"27.08.2017","348,01","332,72","348,01","331,88","362,05K","4,60%"
"26.08.2017","332,72","328,70","334,60","324,50","315,62K","1,22%"
"25.08.2017","328,70","325,62","338,25","324,04","378,01K","0,95%"
"24.08.2017","325,62","316,50","329,56","314,14","326,98K","2,88%"
"23.08.2017","316,50","312,54","325,00","311,65","402,80K","1,27%"
"22.08.2017","312,54","322,24","329,96","285,01","857,28K","-3,01%"
"21.08.2017","322,24","298,37","346,99","294,53","1,15M","8,00%"
"20.08.2017","298,37","292,78","299,00","286,96","304,35K","1,91%"
"19.08.2017","292,78","292,00","298,51","280,00","554,28K","0,27%"
"18.08.2017","292,00","299,00","307,00","286,00","578,06K","-2,34%"
"17.08.2017","299,00","301,34","312,00","297,01","465,80K","-0,78%"
"16.08.2017","301,34","286,00","304,00","279,94","526,52K","5,36%"
"15.08.2017","286,00","298,22","299,91","272,29","629,18K","-4,10%"
"14.08.2017","298,22","296,64","306,48","293,99","371,28K","0,53%"
"13.08.2017","296,64","307,22","308,00","285,21","582,97K","-3,44%"
"12.08.2017","307,22","308,81","319,78","299,00","561,91K","-0,51%"
"11.08.2017","308,81","295,97","310,42","294,00","455,52K","4,34%"
"10.08.2017","295,97","293,99","310,05","287,60","543,93K","0,67%"
"09.08.2017","293,99","295,83","316,00","277,00","1,40M","-0,62%"
"08.08.2017","295,83","269,51","299,50","265,00","726,47K","9,77%"
"07.08.2017","269,51","264,29","274,60","257,32","511,60K","1,98%"
"06.08.2017","264,29","253,87","271,50","251,00","734,52K","4,10%"
"05.08.2017","253,87","220,73","259,90","219,23","822,05K","15,01%"
"04.08.2017","220,73","224,79","228,30","218,66","292,12K","-1,81%"
"03.08.2017","224,79","218,00","228,20","217,07","336,65K","3,11%"
"02.08.2017","218,00","225,97","229,70","215,00","558,15K","-3,53%"
"01.08.2017","225,97","200,81","232,59","200,80","1,23M","12,53%"
"31.07.2017","200,81","195,31","201,50","188,12","444,15K","2,82%"
"30.07.2017","195,31","206,76","210,76","192,21","522,57K","-5,54%"
"29.07.2017","206,76","191,20","213,00","176,95","866,05K","8,14%"
"28.07.2017","191,20","202,54","204,19","188,10","493,90K","-5,60%"
"27.07.2017","202,54","203,33","207,00","197,86","410,96K","-0,39%"
"26.07.2017","203,33","202,70","209,59","191,76","685,64K","0,31%"
"25.07.2017","202,70","226,59","227,69","190,49","1,08M","-10,54%"
"24.07.2017","226,59","228,15","232,56","223,64","355,76K","-0,68%"
"23.07.2017","228,15","232,01","236,57","219,00","410,73K","-1,66%"
"22.07.2017","232,01","216,11","237,19","214,35","556,21K","7,36%"
"21.07.2017","216,11","227,29","239,00","208,00","853,87K","-4,92%"
"20.07.2017","227,29","194,63","238,00","194,63","2,11M","16,78%"
"19.07.2017","194,63","226,56","245,61","187,00","2,33M","-14,09%"
"18.07.2017","226,56","190,16","258,00","177,50","2,52M","19,14%"
"17.07.2017","190,16","157,40","190,61","155,00","1,45M","20,81%"
"16.07.2017","157,40","170,15","172,70","136,12","2,11M","-7,49%"
"15.07.2017","170,15","196,49","197,80","169,82","694,52K","-13,41%"
"14.07.2017","196,49","205,00","207,76","179,58","971,73K","-4,15%"
"13.07.2017","205,00","223,92","224,99","189,46","842,98K","-8,45%"
"12.07.2017","223,92","188,63","225,00","177,78","1,09M","18,71%"
"11.07.2017","188,63","202,00","215,00","169,00","1,56M","-6,62%"
"10.07.2017","202,00","234,97","238,01","187,50","1,01M","-14,03%"
"09.07.2017","234,97","245,23","249,00","234,15","201,47K","-4,18%"
"08.07.2017","245,23","238,38","246,66","226,68","365,16K","2,87%"
"07.07.2017","238,38","265,35","265,80","233,84","496,51K","-10,16%"
"06.07.2017","265,35","264,77","273,00","258,37","240,42K","0,22%"
"05.07.2017","264,77","266,68","272,12","249,53","436,76K","-0,72%"
"04.07.2017","266,68","273,99","283,00","260,00","425,00K","-2,67%"
"03.07.2017","273,99","277,64","283,98","266,45","336,35K","-1,31%"
"02.07.2017","277,64","255,00","285,91","242,81","488,52K","8,88%"
"01.07.2017","255,00","275,62","277,63","238,00","716,32K","-7,48%"
"30.06.2017","275,62","285,30","301,90","267,35","386,78K","-3,39%"
"29.06.2017","285,30","311,62","318,27","276,00","620,08K","-8,45%"
"28.06.2017","311,62","279,00","318,27","255,00","910,35K","11,69%"
"27.06.2017","279,00","251,30","279,00","204,11","1,09M","11,02%"
"26.06.2017","251,30","277,00","286,85","214,99","1,36M","-9,28%"
"25.06.2017","277,00","296,89","306,39","253,20","508,55K","-6,70%"
"24.06.2017","296,89","324,37","327,55","291,53","195,47K","-8,47%"
"23.06.2017","324,37","320,94","329,90","316,36","105,60K","1,07%"
"22.06.2017","320,94","321,66","328,99","305,00","351,82K","-0,22%"
"21.06.2017","321,66","344,15","348,50","287,11","642,80K","-6,53%"
"20.06.2017","344,15","355,50","366,52","328,00","342,67K","-3,19%"
"19.06.2017","355,50","348,88","362,50","344,13","174,45K","1,90%"
"18.06.2017","348,88","364,56","377,46","336,89","283,22K","-4,30%"
"17.06.2017","364,56","348,44","366,08","332,00","219,77K","4,63%"
"16.06.2017","348,44","338,70","355,51","305,22","347,87K","2,88%"
"15.06.2017","338,70","335,95","344,00","265,00","1,15M","0,82%"
"14.06.2017","335,95","382,70","385,73","315,00","593,56K","-12,22%"
"13.06.2017","382,70","386,90","395,00","345,61","442,31K","-1,09%"
"12.06.2017","386,90","336,33","412,21","297,00","1,17M","15,04%"
"11.06.2017","336,33","325,88","347,00","310,00","503,72K","3,21%"
"10.06.2017","325,88","278,41","341,94","278,26","564,75K","17,05%"
"09.06.2017","278,41","256,95","279,90","256,95","271,54K","8,35%"
"08.06.2017","256,95","250,70","258,93","242,04","147,19K","2,49%"
"07.06.2017","250,70","261,89","263,70","241,01","253,51K","-4,27%"
"06.06.2017","261,89","242,16","264,99","238,23","412,07K","8,15%"
"05.06.2017","242,16","241,06","244,29","231,72","202,57K","0,46%"
"04.06.2017","241,06","217,01","245,98","216,10","375,99K","11,08%"
"03.06.2017","217,01","214,77","217,99","210,01","96,06K","1,04%"
"02.06.2017","214,77","211,40","219,21","208,23","152,45K","1,59%"
"01.06.2017","211,40","218,34","227,32","196,00","453,56K","-3,18%"
"31.05.2017","218,34","224,69","230,55","200,90","584,48K","-2,83%"
"30.05.2017","224,69","189,99","229,98","182,00","757,87K","18,26%"
"29.05.2017","189,99","161,91","191,30","155,01","472,38K","17,34%"
"28.05.2017","161,91","149,99","172,79","149,66","643,59K","7,95%"
"27.05.2017","149,99","152,80","161,00","110,42","1,26M","-1,84%"
"26.05.2017","152,80","168,71","187,00","143,64","649,59K","-9,43%"
"25.05.2017","168,71","183,88","206,06","155,00","862,96K","-8,25%"
"24.05.2017","183,88","168,24","197,41","166,33","645,09K","9,30%"
"23.05.2017","168,24","154,92","174,30","148,60","507,16K","8,60%"
"22.05.2017","154,92","146,14","190,00","136,80","1,65M","6,01%"
"21.05.2017","146,14","123,03","146,40","122,32","769,98K","18,78%"
"20.05.2017","123,03","124,40","128,95","119,54","429,97K","-1,10%"
"19.05.2017","124,40","98,60","129,25","98,31","900,72K","26,17%"
"18.05.2017","98,60","89,67","98,89","89,42","437,25K","9,96%"
"17.05.2017","89,67","88,17","90,93","83,77","174,84K","1,70%"
"16.05.2017","88,17","92,56","93,48","85,43","193,41K","-4,74%"
"15.05.2017","92,56","90,37","95,17","90,37","403,46K","2,42%"
"14.05.2017","90,37","89,90","91,92","88,11","173,21K","0,52%"
"13.05.2017","89,90","86,99","89,99","84,50","106,01K","3,35%"
"12.05.2017","86,99","89,38","92,00","83,85","283,23K","-2,67%"
"11.05.2017","89,38","88,33","91,50","87,35","210,47K","1,19%"
"10.05.2017","88,33","88,94","92,46","86,60","195,51K","-0,69%"
"09.05.2017","88,94","88,97","91,10","77,76","703,65K","-0,03%"
"08.05.2017","88,97","94,21","95,48","88,11","349,34K","-5,56%"
"07.05.2017","94,21","96,65","98,00","90,89","219,19K","-2,52%"
"06.05.2017","96,65","91,50","96,84","90,53","243,52K","5,63%"
"05.05.2017","91,50","99,20","101,70","88,20","718,17K","-7,76%"
"04.05.2017","99,20","85,79","99,78","84,61","822,13K","15,63%"
"03.05.2017","85,79","82,01","86,62","81,00","357,12K","4,61%"
"02.05.2017","82,01","81,40","85,18","79,49","361,70K","0,75%"
"01.05.2017","81,40","83,51","88,10","66,00","1,26M","-2,53%"
"30.04.2017","83,51","73,55","84,00","72,60","492,64K","13,54%"
"29.04.2017","73,55","76,00","77,60","71,20","474,76K","-3,22%"
"28.04.2017","76,00","68,00","77,40","66,00","959,41K","11,76%"
"27.04.2017","68,00","57,31","68,00","56,92","526,52K","18,65%"
"26.04.2017","57,31","53,90","58,38","53,66","530,34K","6,33%"
"25.04.2017","53,90","53,54","54,21","53,25","97,44K","0,67%"
"24.04.2017","53,54","53,33","54,48","53,00","202,96K","0,39%"
"23.04.2017","53,33","52,15","54,44","51,75","186,86K","2,26%"
"22.04.2017","52,15","51,37","52,78","51,03","125,32K","1,52%"
"21.04.2017","51,37","51,96","52,27","51,10","156,43K","-1,14%"
"20.04.2017","51,96","49,66","52,45","48,60","347,61K","4,63%"
"19.04.2017","49,66","52,42","53,00","45,00","460,60K","-5,27%"
"18.04.2017","52,42","49,52","53,00","49,07","643,62K","5,86%"
"17.04.2017","49,52","49,58","50,27","48,88","170,64K","-0,12%"
"16.04.2017","49,58","49,71","49,90","48,87","64,04K","-0,26%"
"15.04.2017","49,71","48,50","50,48","47,95","332,29K","2,49%"
"14.04.2017","48,50","50,65","50,65","47,34","394,47K","-4,24%"
"13.04.2017","50,65","46,85","51,51","46,85","520,86K","8,11%"
"12.04.2017","46,85","44,21","48,47","43,84","537,21K","5,97%"
"11.04.2017","44,21","44,17","44,80","43,80","113,37K","0,09%"
"10.04.2017","44,17","43,94","44,76","43,01","218,12K","0,52%"
"09.04.2017","43,94","44,51","44,86","43,18","177,31K","-1,28%"
"08.04.2017","44,51","42,25","45,76","42,25","363,84K","5,35%"
"07.04.2017","42,25","43,11","44,53","41,78","277,52K","-1,99%"
"06.04.2017","43,11","45,35","46,03","41,25","649,41K","-4,94%"
"05.04.2017","45,35","44,41","47,53","44,19","564,40K","2,12%"
"04.04.2017","44,41","44,28","45,69","41,05","762,88K","0,29%"
"03.04.2017","44,28","48,60","48,60","42,77","1,17M","-8,89%"
"02.04.2017","48,60","50,59","51,59","47,70","784,60K","-3,93%"
"01.04.2017","50,59","49,72","51,87","48,70","386,43K","1,75%"
"31.03.2017","49,72","51,62","51,83","46,82","784,70K","-3,68%"
"30.03.2017","51,62","52,88","53,28","50,75","373,98K","-2,38%"
"29.03.2017","52,88","50,16","54,30","49,40","685,32K","5,42%"
"28.03.2017","50,16","48,93","50,60","47,95","453,92K","2,51%"
"27.03.2017","48,93","50,46","52,01","47,67","389,87K","-3,03%"
"26.03.2017","50,46","50,75","51,80","46,55","461,99K","-0,57%"
"25.03.2017","50,75","54,01","54,90","47,46","1,15M","-6,04%"
"24.03.2017","54,01","43,14","58,99","42,50","1,64M","25,20%"
"23.03.2017","43,14","41,46","44,75","40,22","523,65K","4,05%"
"22.03.2017","41,46","42,45","42,95","38,51","488,53K","-2,33%"
"21.03.2017","42,45","42,06","43,70","41,15","462,96K","0,93%"
"20.03.2017","42,06","43,17","45,13","39,47","875,00K","-2,57%"
"19.03.2017","43,17","34,20","45,69","34,10","1,69M","26,23%"
"18.03.2017","34,20","44,65","44,99","31,10","2,12M","-23,40%"
"17.03.2017","44,65","45,07","51,88","32,84","3,39M","-0,93%"
"16.03.2017","45,07","34,80","46,21","34,80","3,06M","29,51%"
"15.03.2017","34,80","28,66","34,80","28,36","1,36M","21,42%"
"14.03.2017","28,66","28,40","29,93","27,00","701,89K","0,92%"
"13.03.2017","28,40","23,20","30,60","23,20","1,78M","22,41%"
"12.03.2017","23,20","21,30","23,23","21,05","786,85K","8,92%"
"11.03.2017","21,30","19,18","21,45","18,83","661,77K","11,05%"
"10.03.2017","19,18","17,75","19,70","16,50","824,86K","8,06%"
"09.03.2017","17,75","16,51","18,00","16,25","281,60K","7,51%"
"08.03.2017","16,51","18,88","18,88","16,51","562,05K","-12,55%"
"07.03.2017","18,88","19,51","19,67","18,50","228,66K","-3,23%"
"06.03.2017","19,51","19,35","20,23","19,14","316,91K","0,83%"
"05.03.2017","19,35","18,50","19,45","18,15","226,39K","4,59%"
"04.03.2017","18,50","19,49","20,00","18,40","331,95K","-5,08%"
"03.03.2017","19,49","19,02","20,73","18,43","981,00K","2,47%"
"02.03.2017","19,02","17,43","19,45","16,30","903,09K","9,12%"
"01.03.2017","17,43","15,86","17,49","15,62","343,43K","9,90%"
"28.02.2017","15,86","15,50","16,23","15,18","616,60K","2,32%"
"27.02.2017","15,50","14,57","15,75","14,30","469,29K","6,38%"
"26.02.2017","14,57","13,55","14,66","13,30","284,67K","7,53%"
"25.02.2017","13,55","13,11","13,80","13,05","223,07K","3,36%"
"24.02.2017","13,11","13,27","13,31","12,70","145,36K","-1,21%"
"23.02.2017","13,27","12,68","13,37","12,60","168,68K","4,65%"
"22.02.2017","12,68","12,82","12,85","12,60","47,57K","-1,09%"
"21.02.2017","12,82","12,40","12,89","12,25","174,10K","3,39%"
"20.02.2017","12,40","12,80","12,91","12,40","91,26K","-3,13%"
"19.02.2017","12,80","12,79","12,94","12,70","54,51K","0,08%"
"18.02.2017","12,79","12,76","12,90","12,70","67,30K","0,24%"
"17.02.2017","12,76","12,92","12,92","12,60","86,68K","-1,24%"
"16.02.2017","12,92","12,92","12,99","12,57","116,46K","0,00%"
"15.02.2017","12,92","13,02","13,15","12,59","302,77K","-0,31%"
"14.02.2017","12,96","11,32","13,40","11,32","613,95K","14,19%"
"13.02.2017","11,35","11,33","11,37","11,05","59,34K","0,80%"
"12.02.2017","11,26","11,33","11,40","11,22","35,22K","-0,62%"
"11.02.2017","11,33","11,27","11,38","11,13","73,26K","0,27%"
"10.02.2017","11,30","10,95","11,39","10,75","141,08K","3,67%"
"09.02.2017","10,90","11,35","11,51","10,41","205,68K","-3,96%"
"08.02.2017","11,35","11,45","11,60","11,00","78,89K","-0,53%"
"07.02.2017","11,41","11,31","11,50","11,25","116,31K","0,80%"
"06.02.2017","11,32","11,18","11,33","11,12","69,66K","1,25%"
"05.02.2017","11,18","11,32","11,37","11,05","48,07K","-1,24%"
"04.02.2017","11,32","11,00","11,40","11,00","158,07K","3,57%"
"03.02.2017","10,93","10,78","10,93","10,55","102,56K","1,20%"
"02.02.2017","10,80","10,71","10,84","10,53","149,42K","0,84%"
"01.02.2017","10,71","10,71","10,77","10,41","113,79K","0,00%"
"31.01.2017","10,71","10,50","10,74","10,38","250,34K","1,71%"
"30.01.2017","10,53","10,44","10,69","10,38","107,00K","0,67%"
"29.01.2017","10,46","10,49","10,51","10,38","38,28K","-0,48%"
"28.01.2017","10,51","10,50","10,54","10,35","102,56K","0,10%"
"27.01.2017","10,50","10,52","10,58","10,36","61,25K","-1,22%"
"26.01.2017","10,63","10,49","10,63","10,43","84,72K","1,43%"
"25.01.2017","10,48","10,52","10,58","10,35","26,19K","-0,19%"
"24.01.2017","10,50","10,58","10,75","10,46","105,21K","-2,51%"
"23.01.2017","10,77","10,64","10,83","10,59","54,39K","1,22%"
"22.01.2017","10,64","10,91","10,98","10,34","140,66K","-2,83%"
"21.01.2017","10,95","10,64","11,09","10,56","125,31K","3,11%"
"20.01.2017","10,62","10,38","10,75","10,30","63,55K","2,31%"
"19.01.2017","10,38","10,31","10,51","10,15","50,64K","1,86%"
"18.01.2017","10,19","10,30","10,49","9,74","99,39K","0,69%"
"17.01.2017","10,12","9,54","10,60","9,53","237,84K","5,31%"
"16.01.2017","9,61","9,72","9,78","9,55","16,03K","-2,04%"
"15.01.2017","9,81","9,67","9,83","9,60","16,89K","1,45%"
"14.01.2017","9,67","9,72","9,87","9,51","17,44K","0,00%"
"13.01.2017","9,67","9,83","9,83","9,39","39,76K","-1,63%"
"12.01.2017","9,83","9,48","10,04","9,08","120,95K","0,41%"
"11.01.2017","9,79","10,61","10,70","9,41","159,09K","-7,73%"
"10.01.2017","10,61","10,43","10,75","10,20","96,97K","3,41%"
"09.01.2017","10,26","10,43","10,84","9,50","165,98K","-0,19%"
"08.01.2017","10,28","9,80","10,48","9,80","116,55K","4,47%"
"07.01.2017","9,84","10,09","10,19","9,48","107,33K","-2,38%"
"06.01.2017","10,08","10,23","10,40","9,47","144,69K","-0,69%"
"05.01.2017","10,15","11,16","11,70","9,20","490,64K","-7,73%"
"04.01.2017","11,00","9,57","11,10","9,44","556,25K","12,94%"
"03.01.2017","9,74","8,43","9,90","8,30","603,42K","16,37%"
"02.01.2017","8,37","8,19","8,50","8,11","101,27K","2,07%"
"01.01.2017","8,20","8,17","8,59","8,03","144,92K","2,50%"
"31.12.2016","8,00","8,17","8,35","8,00","200,24K","-1,96%"
"30.12.2016","8,16","8,27","8,50","8,05","56,74K","-1,33%"
"29.12.2016","8,27","7,62","8,60","7,62","291,60K","9,10%"
"28.12.2016","7,58","7,20","7,76","7,10","177,26K","6,46%"
"27.12.2016","7,12","7,27","7,33","7,08","40,80K","-2,06%"
"26.12.2016","7,27","7,11","7,35","7,05","78,87K","0,55%"
"25.12.2016","7,23","7,25","7,32","7,17","16,44K","-0,28%"
"24.12.2016","7,25","7,11","7,35","7,11","56,77K","1,26%"
"23.12.2016","7,16","7,55","7,68","7,11","139,04K","-5,91%"
"22.12.2016","7,61","7,84","7,84","7,46","118,35K","-3,55%"
"21.12.2016","7,89","7,68","7,96","7,64","52,44K","3,68%"
"20.12.2016","7,61","7,63","7,75","7,55","55,33K","0,40%"
"19.12.2016","7,58","7,93","7,93","7,58","26,01K","-4,41%"
"18.12.2016","7,93","7,88","7,94","7,74","21,50K","2,59%"
"17.12.2016","7,73","7,86","7,90","7,47","147,34K","-1,65%"
"16.12.2016","7,86","7,86","7,96","7,77","56,48K","0,38%"
"15.12.2016","7,83","8,16","8,23","7,71","145,04K","-4,63%"
"14.12.2016","8,21","8,44","8,49","8,20","14,71K","-1,79%"
"13.12.2016","8,36","8,49","8,49","8,30","21,60K","-1,07%"
"12.12.2016","8,45","8,19","8,63","8,09","81,63K","3,17%"
"11.12.2016","8,19","8,14","8,25","8,00","22,61K","0,86%"
"10.12.2016","8,12","8,42","8,55","7,94","35,85K","-4,69%"
"09.12.2016","8,52","8,10","8,65","8,02","54,71K","2,65%"
"08.12.2016","8,30","8,35","8,84","8,24","170,04K","-0,36%"
"07.12.2016","8,33","7,60","8,70","7,27","161,04K","8,04%"
"06.12.2016","7,71","6,68","7,88","5,86","607,54K","15,07%"
"05.12.2016","6,70","7,40","7,57","6,50","256,00K","-11,26%"
"04.12.2016","7,55","7,85","7,91","7,42","34,39K","-4,55%"
"03.12.2016","7,91","7,76","8,10","7,64","195,76K","2,73%"
"02.12.2016","7,70","8,43","8,43","7,10","490,14K","-8,98%"
"01.12.2016","8,46","8,61","8,61","8,36","95,25K","-1,86%"
"30.11.2016","8,62","8,16","8,76","8,11","124,27K","5,64%"
"29.11.2016","8,16","8,70","8,74","7,74","188,40K","-6,21%"
"28.11.2016","8,70","8,97","9,02","8,65","41,96K","-2,03%"
"27.11.2016","8,88","9,33","9,33","8,70","62,34K","-4,82%"
"26.11.2016","9,33","9,38","9,53","9,22","14,11K","-0,53%"
"25.11.2016","9,38","9,17","9,69","9,17","60,92K","1,96%"
"24.11.2016","9,20","9,69","9,85","8,70","118,31K","-5,06%"
"23.11.2016","9,69","9,89","9,92","9,68","27,92K","-1,52%"
"22.11.2016","9,84","9,61","10,26","9,54","102,99K","2,39%"
"21.11.2016","9,61","9,54","9,68","9,51","8,65K","0,42%"
"20.11.2016","9,57","9,68","9,76","9,49","29,01K","-1,64%"
"19.11.2016","9,73","9,54","9,86","9,48","62,93K","2,21%"
"18.11.2016","9,52","9,96","10,03","9,46","57,23K","-4,70%"
"17.11.2016","9,99","10,02","10,27","9,90","103,19K","-0,30%"
"16.11.2016","10,02","10,19","10,50","9,93","116,69K","-2,43%"
"15.11.2016","10,27","10,00","10,41","9,72","52,59K","2,70%"
"14.11.2016","10,00","10,08","10,19","9,96","17,17K","-0,79%"
"13.11.2016","10,08","10,01","10,37","9,68","31,68K","0,70%"
"12.11.2016","10,01","10,27","10,32","9,70","64,35K","-2,53%"
"11.11.2016","10,27","10,54","10,58","10,26","17,38K","-2,56%"
"10.11.2016","10,54","10,66","10,69","10,52","7,61K","-1,68%"
"09.11.2016","10,72","10,92","10,92","10,20","80,20K","-1,83%"
"08.11.2016","10,92","10,88","11,21","10,79","63,48K","0,37%"
"07.11.2016","10,88","10,91","11,10","10,85","83,63K","-0,27%"
"06.11.2016","10,91","11,15","11,27","10,91","10,86K","-2,33%"
"05.11.2016","11,17","11,23","11,24","10,99","18,15K","-0,36%"
"04.11.2016","11,21","10,86","11,24","10,85","49,91K","3,22%"
"03.11.2016","10,86","10,94","11,18","10,81","106,82K","0,00%"
"02.11.2016","10,86","10,81","11,25","10,76","91,37K","0,46%"
"01.11.2016","10,81","10,96","11,21","10,41","129,67K","-1,37%"
"31.10.2016","10,96","11,28","11,50","10,88","134,67K","-2,84%"
"30.10.2016","11,28","10,38","11,53","10,31","88,77K","8,67%"
"29.10.2016","10,38","11,15","11,26","9,50","288,19K","-6,91%"
"28.10.2016","11,15","11,57","11,70","10,85","191,96K","-3,63%"
"27.10.2016","11,57","11,50","11,66","11,23","110,49K","0,61%"
"26.10.2016","11,50","11,36","11,72","11,36","67,67K","1,23%"
"25.10.2016","11,36","11,99","12,00","11,12","112,86K","-5,25%"
"24.10.2016","11,99","12,07","12,23","11,98","48,14K","-0,66%"
"23.10.2016","12,07","12,25","12,26","11,99","32,34K","-1,79%"
"22.10.2016","12,29","12,16","12,37","12,08","20,75K","1,07%"
"21.10.2016","12,16","12,10","12,20","12,09","17,73K","0,58%"
"20.10.2016","12,09","11,99","12,32","11,99","86,20K","0,83%"
"19.10.2016","11,99","12,54","12,62","11,95","130,47K","-4,39%"
"18.10.2016","12,54","12,00","12,91","11,98","238,07K","4,50%"
"17.10.2016","12,00","11,98","12,03","11,81","90,21K","0,17%"
"16.10.2016","11,98","12,01","12,06","11,92","20,47K","-0,25%"
"15.10.2016","12,01","11,96","12,05","11,83","40,42K","0,67%"
"14.10.2016","11,93","12,07","12,10","11,90","23,54K","-1,16%"
"13.10.2016","12,07","11,72","12,12","11,72","61,29K","2,99%"
"12.10.2016","11,72","11,84","12,06","11,68","132,18K","-0,51%"
"11.10.2016","11,78","11,76","12,33","11,76","123,36K","0,43%"
"10.10.2016","11,73","12,03","12,09","11,60","298,65K","-2,33%"
"09.10.2016","12,01","12,26","12,56","11,99","166,94K","-2,04%"
"08.10.2016","12,26","12,73","12,76","12,00","131,49K","-3,39%"
"07.10.2016","12,69","12,84","13,00","12,56","75,19K","-1,17%"
"06.10.2016","12,84","13,11","13,15","12,62","63,15K","-2,06%"
"05.10.2016","13,11","13,33","13,39","13,08","62,14K","-1,65%"
"04.10.2016","13,33","13,44","13,50","13,22","67,87K","-0,82%"
"03.10.2016","13,44","13,22","13,50","13,17","25,57K","2,13%"
"02.10.2016","13,16","13,18","13,33","13,00","51,87K","-0,15%"
"01.10.2016","13,18","13,25","13,31","13,05","46,90K","-0,90%"
"30.09.2016","13,30","13,10","13,43","13,05","45,49K","1,53%"
"29.09.2016","13,10","13,25","13,33","13,07","53,46K","-1,13%"
"28.09.2016","13,25","13,08","13,49","13,04","60,21K","1,30%"
"27.09.2016","13,08","12,90","13,27","12,85","72,70K","1,40%"
"26.09.2016","12,90","13,14","13,14","12,81","59,60K","-1,15%"
"25.09.2016","13,05","12,86","13,20","12,77","39,82K","1,48%"
"24.09.2016","12,86","13,39","13,47","12,71","77,54K","-3,74%"
"23.09.2016","13,36","13,30","13,50","13,10","25,35K","1,44%"
"22.09.2016","13,17","13,65","13,70","12,47","270,59K","-4,15%"
"21.09.2016","13,74","14,30","14,35","13,16","205,50K","-4,91%"
"20.09.2016","14,45","13,15","15,40","13,08","311,67K","12,02%"
"19.09.2016","12,90","12,49","13,10","12,48","99,47K","4,71%"
"18.09.2016","12,32","12,73","13,10","12,26","351,07K","-3,75%"
"17.09.2016","12,80","12,60","12,87","12,51","37,37K","0,95%"
"16.09.2016","12,68","12,00","12,82","11,99","194,02K","5,58%"
"15.09.2016","12,01","11,94","12,41","11,91","275,08K","0,59%"
"14.09.2016","11,94","12,01","12,33","11,91","137,28K","-0,58%"
"13.09.2016","12,01","12,00","12,55","11,86","529,70K","0,08%"
"12.09.2016","12,00","11,80","12,05","11,67","61,67K","2,74%"
"11.09.2016","11,68","12,13","12,30","11,60","137,76K","-3,71%"
"10.09.2016","12,13","11,72","12,18","11,58","89,50K","3,85%"
"09.09.2016","11,68","11,45","11,90","11,40","201,86K","2,01%"
"08.09.2016","11,45","11,64","11,96","11,26","74,77K","-1,63%"
"07.09.2016","11,64","11,73","11,82","11,60","24,16K","-0,77%"
"06.09.2016","11,73","11,85","11,92","11,45","83,93K","-1,01%"
"05.09.2016","11,85","11,73","11,92","11,65","35,55K","1,02%"
"04.09.2016","11,73","11,88","11,96","11,60","51,04K","-2,33%"
"03.09.2016","12,01","12,13","12,43","11,65","87,38K","-0,99%"
"02.09.2016","12,13","12,22","12,38","11,91","60,24K","-0,74%"
"01.09.2016","12,22","11,66","12,60","11,61","82,45K","5,07%"
"31.08.2016","11,63","11,33","11,63","11,17","39,51K","3,01%"
"30.08.2016","11,29","11,03","11,39","10,94","42,08K","3,29%"
"29.08.2016","10,93","10,94","11,18","10,78","63,32K","-0,09%"
"28.08.2016","10,94","11,11","11,16","10,92","35,30K","-2,32%"
"27.08.2016","11,20","11,26","11,26","11,13","8,96K","-0,18%"
"26.08.2016","11,22","11,39","11,42","11,13","30,15K","-1,49%"
"25.08.2016","11,39","10,98","11,39","10,97","82,80K","3,73%"
"24.08.2016","10,98","11,03","11,20","10,96","37,43K","-0,09%"
"23.08.2016","10,99","11,14","11,28","10,90","64,41K","-1,35%"
"22.08.2016","11,14","11,20","11,36","11,00","81,73K","0,09%"
"21.08.2016","11,13","11,26","11,30","10,93","49,47K","-1,15%"
"20.08.2016","11,26","10,69","11,30","10,68","190,53K","5,43%"
"19.08.2016","10,68","10,69","10,76","10,61","139,95K","-0,09%"
"18.08.2016","10,69","10,72","10,97","10,66","162,11K","-0,28%"
"17.08.2016","10,72","11,07","11,07","10,65","456,39K","-3,16%"
"16.08.2016","11,07","11,15","11,17","10,83","65,95K","-0,18%"
"15.08.2016","11,09","11,16","11,28","10,88","140,55K","-0,63%"
"14.08.2016","11,16","11,48","11,67","11,00","188,63K","-2,79%"
"13.08.2016","11,48","11,69","11,76","11,40","138,26K","-1,63%"
"12.08.2016","11,67","11,71","11,99","11,57","254,56K","0,26%"
"11.08.2016","11,64","11,90","12,10","11,57","339,86K","-3,56%"
"10.08.2016","12,07","11,99","12,33","11,86","383,91K","18,80%"
"09.08.2016","10,16","10,16","10,16","10,16","-","0,00%"
"08.08.2016","10,16","10,16","10,16","10,16","-","0,00%"
"07.08.2016","10,16","10,16","10,16","10,16","-","0,00%"
"06.08.2016","10,16","10,16","10,16","10,16","-","0,00%"
"05.08.2016","10,16","10,16","10,16","10,16","-","0,00%"
"04.08.2016","10,16","10,16","10,16","10,16","-","0,00%"
"03.08.2016","10,16","10,16","10,16","10,16","-","0,00%"
"02.08.2016","10,16","11,04","11,20","9,90","882,66K","-8,30%"
"01.08.2016","11,08","12,00","12,04","11,08","318,87K","-6,58%"
"31.07.2016","11,86","12,45","12,55","11,30","419,36K","-5,27%"
"30.07.2016","12,52","12,85","12,85","12,47","171,50K","-2,95%"
"29.07.2016","12,90","12,87","12,94","12,60","183,46K","0,23%"
"28.07.2016","12,87","12,93","13,00","12,54","300,44K","-1,23%"
"27.07.2016","13,03","12,01","13,28","11,78","377,97K","8,49%"
"26.07.2016","12,01","13,55","13,86","11,91","1,36M","-12,97%"
"25.07.2016","13,80","12,86","13,80","12,75","742,81K","9,09%"
"24.07.2016","12,65","14,33","14,44","12,17","1,65M","-11,23%"
"23.07.2016","14,25","14,55","14,85","13,90","638,42K","-2,86%"
"22.07.2016","14,67","12,67","15,15","12,53","1,57M","16,89%"
"21.07.2016","12,55","12,52","12,75","12,03","534,75K","0,56%"
"20.07.2016","12,48","11,70","13,04","11,55","1,65M","6,21%"
"19.07.2016","11,75","11,09","12,24","11,07","678,52K","6,43%"
"18.07.2016","11,04","11,31","11,75","11,01","252,34K","-1,78%"
"17.07.2016","11,24","11,72","11,74","11,02","575,47K","-4,10%"
"16.07.2016","11,72","11,95","12,05","11,72","127,93K","-1,76%"
"15.07.2016","11,93","11,50","12,55","11,37","600,62K","2,84%"
"14.07.2016","11,60","10,70","11,79","10,69","419,07K","10,79%"
"13.07.2016","10,47","10,55","10,60","10,43","62,85K","-0,76%"
"12.07.2016","10,55","10,48","10,80","10,40","143,68K","0,38%"
"11.07.2016","10,51","10,95","11,09","10,20","287,84K","-4,02%"
"10.07.2016","10,95","10,83","11,02","10,74","75,85K","0,46%"
"09.07.2016","10,90","11,37","11,43","10,40","431,16K","-3,63%"
"08.07.2016","11,31","10,16","11,65","9,90","533,97K","11,54%"
"07.07.2016","10,14","10,58","10,67","9,73","291,46K","-3,89%"
"06.07.2016","10,55","10,37","11,12","10,22","327,60K","0,19%"
"05.07.2016","10,53","11,42","11,49","9,35","1,12M","-7,79%"
"04.07.2016","11,42","11,65","11,85","11,35","147,79K","-3,06%"
"03.07.2016","11,78","12,06","12,11","11,56","196,78K","-2,97%"
"02.07.2016","12,14","12,17","12,20","11,95","86,17K","-1,70%"
"01.07.2016","12,35","12,50","12,58","11,74","302,72K","-1,20%"
"30.06.2016","12,50","12,64","12,88","12,20","213,19K","-2,11%"
"29.06.2016","12,77","12,08","13,05","11,57","427,25K","4,50%"
"28.06.2016","12,22","13,95","14,07","11,51","896,16K","-12,46%"
"27.06.2016","13,96","13,71","14,19","13,68","135,03K","1,53%"
"26.06.2016","13,75","14,22","14,40","13,53","213,87K","-3,91%"
"25.06.2016","14,31","14,39","14,84","13,91","262,84K","0,14%"
"24.06.2016","14,29","13,76","14,46","13,10","551,44K","3,93%"
"23.06.2016","13,75","13,26","14,00","12,50","521,61K","3,77%"
"22.06.2016","13,25","13,75","15,90","12,95","1,83M","2,40%"
"21.06.2016","12,94","11,67","12,98","11,20","644,71K","8,74%"
"20.06.2016","11,90","12,33","12,49","10,51","1,11M","-4,26%"
"19.06.2016","12,43","10,76","13,36","10,55","1,14M","8,94%"
"18.06.2016","11,41","15,19","15,30","10,13","3,04M","-26,91%"
"17.06.2016","15,61","20,86","21,69","11,51","4,72M","-24,59%"
"16.06.2016","20,70","18,61","21,10","18,44","1,02M","12,20%"
"15.06.2016","18,45","18,70","18,75","17,55","365,42K","-1,49%"
"14.06.2016","18,73","17,65","19,41","16,00","1,17M","5,64%"
"13.06.2016","17,73","15,75","17,91","15,70","896,99K","12,22%"
"12.06.2016","15,80","14,30","16,09","14,25","550,47K","11,66%"
"11.06.2016","14,15","13,95","14,28","13,81","109,42K","1,29%"
"10.06.2016","13,97","14,44","14,46","13,56","220,15K","-3,32%"
"09.06.2016","14,45","14,51","14,70","14,37","64,98K","-0,28%"
"08.06.2016","14,49","14,60","14,89","14,30","257,01K","-0,07%"
"07.06.2016","14,50","13,94","14,70","13,88","199,89K","3,35%"
"06.06.2016","14,03","14,00","14,19","13,80","105,55K","0,57%"
"05.06.2016","13,95","13,75","13,97","13,69","54,66K","1,01%"
"04.06.2016","13,81","13,90","13,90","13,40","139,12K","-0,22%"
"03.06.2016","13,84","13,82","13,99","13,42","200,81K","0,29%"
"02.06.2016","13,80","13,94","14,03","13,61","155,53K","-0,36%"
"01.06.2016","13,85","14,07","14,30","13,46","289,63K","-1,14%"
"31.05.2016","14,01","12,78","14,28","12,60","517,98K","10,14%"
"30.05.2016","12,72","12,44","12,81","12,30","122,98K","2,50%"
"29.05.2016","12,41","11,80","12,89","11,78","455,11K","3,59%"
"28.05.2016","11,98","10,99","12,50","10,38","587,07K","7,73%"
"27.05.2016","11,12","12,40","12,43","10,53","645,84K","-10,90%"
"26.05.2016","12,48","12,52","13,07","12,13","215,64K","-0,08%"
"25.05.2016","12,49","12,84","12,99","11,80","247,58K","-1,89%"
"24.05.2016","12,73","13,38","13,82","12,00","437,47K","-5,14%"
"23.05.2016","13,42","14,21","14,49","13,32","170,09K","-5,56%"
"22.05.2016","14,21","14,06","14,51","13,62","118,19K","1,50%"
"21.05.2016","14,00","13,60","14,00","13,01","209,03K","1,52%"
"20.05.2016","13,79","14,74","14,89","13,31","338,69K","-5,42%"
"19.05.2016","14,58","13,40","14,65","13,20","393,14K","9,21%"
"18.05.2016","13,35","12,28","14,40","12,21","420,07K","10,51%"
"17.05.2016","12,08","11,15","12,60","11,10","540,97K","8,93%"
"16.05.2016","11,09","10,01","11,47","10,00","257,21K","11,23%"
"15.05.2016","9,97","10,25","10,42","9,93","42,73K","-1,87%"
"14.05.2016","10,16","10,60","10,75","9,71","121,86K","-4,15%"
"13.05.2016","10,60","10,09","11,11","10,08","194,28K","5,58%"
"12.05.2016","10,04","9,92","10,47","9,79","142,19K","1,52%"
"11.05.2016","9,89","9,38","9,98","9,30","110,31K","5,44%"
"10.05.2016","9,38","9,31","9,47","9,28","18,32K","0,64%"
"09.05.2016","9,32","9,51","9,65","9,25","77,29K","-1,89%"
"08.05.2016","9,50","9,41","9,64","9,00","80,09K","1,60%"
"07.05.2016","9,35","9,45","9,64","9,20","31,39K","0,00%"
"06.05.2016","9,35","9,85","9,98","9,12","92,42K","-4,49%"
"05.05.2016","9,79","9,40","10,00","9,30","62,44K","3,49%"
"04.05.2016","9,46","9,38","10,00","9,25","74,70K","1,28%"
"03.05.2016","9,34","10,01","10,01","9,18","128,32K","-6,60%"
"02.05.2016","10,00","8,83","10,30","8,79","295,38K","14,29%"
"01.05.2016","8,75","8,74","9,00","8,35","71,99K","-1,35%"
"30.04.2016","8,87","7,45","9,36","7,45","267,97K","17,95%"
"29.04.2016","7,52","7,23","7,72","7,19","51,16K","2,59%"
"28.04.2016","7,33","7,73","7,87","7,25","69,40K","-6,03%"
"27.04.2016","7,80","7,40","7,99","7,31","90,46K","4,00%"
"26.04.2016","7,50","7,56","7,60","7,12","129,27K","-0,53%"
"25.04.2016","7,54","8,05","8,15","7,32","207,06K","-6,91%"
"24.04.2016","8,10","8,35","8,50","8,01","52,06K","-4,26%"
"23.04.2016","8,46","7,95","8,80","7,81","89,57K","6,15%"
"22.04.2016","7,97","8,23","8,41","7,73","97,37K","-1,73%"
"21.04.2016","8,11","8,61","8,80","8,00","45,52K","-5,81%"
"20.04.2016","8,61","8,73","9,05","8,35","167,71K","-1,15%"
"19.04.2016","8,71","8,97","9,38","8,65","35,26K","-2,90%"
"18.04.2016","8,97","9,30","9,55","8,44","37,88K","-5,18%"
"17.04.2016","9,46","8,70","10,90","8,61","96,05K","10,77%"
"16.04.2016","8,54","8,23","8,68","8,18","29,26K","2,64%"
"15.04.2016","8,32","8,39","8,69","8,10","30,48K","-1,65%"
"14.04.2016","8,46","8,08","8,86","8,00","36,15K","4,57%"
"13.04.2016","8,09","7,48","8,80","6,86","142,21K","7,44%"
"12.04.2016","7,53","8,53","8,54","7,21","63,82K","-13,25%"
"11.04.2016","8,68","8,56","8,93","8,01","60,28K","-0,91%"
"10.04.2016","8,76","9,15","9,43","7,52","171,99K","-4,26%"
"09.04.2016","9,15","9,69","10,20","9,00","64,96K","-5,77%"
"08.04.2016","9,71","10,05","10,34","9,60","25,97K","-4,05%"
"07.04.2016","10,12","10,76","10,85","9,40","50,74K","-5,95%"
"06.04.2016","10,76","10,40","10,96","10,20","40,04K","3,46%"
"05.04.2016","10,40","11,15","11,15","9,70","53,39K","-6,73%"
"04.04.2016","11,15","11,60","11,67","10,88","38,74K","-5,11%"
"03.04.2016","11,75","11,61","11,76","11,40","18,85K","1,21%"
"02.04.2016","11,61","11,65","11,77","11,43","12,17K","-0,09%"
"01.04.2016","11,62","11,41","11,94","11,39","22,20K","1,84%"
"31.03.2016","11,41","11,92","12,02","11,29","32,67K","-3,71%"
"30.03.2016","11,85","11,79","12,30","11,44","36,96K","0,51%"
"29.03.2016","11,79","11,78","11,88","11,37","47,57K","1,46%"
"28.03.2016","11,62","10,40","11,94","10,40","77,31K","11,73%"
"27.03.2016","10,40","10,93","10,98","10,17","55,81K","-5,45%"
"26.03.2016","11,00","10,67","11,20","10,58","16,12K","3,09%"
"25.03.2016","10,67","11,32","11,35","10,52","87,42K","-4,73%"
"24.03.2016","11,20","12,43","12,47","10,67","50,80K","-9,90%"
"23.03.2016","12,43","11,37","12,43","11,20","27,02K","9,32%"
"22.03.2016","11,37","11,53","11,97","11,08","26,29K","-4,85%"
"21.03.2016","11,95","10,18","12,05","10,14","38,86K","17,39%"
"20.03.2016","10,18","10,55","10,88","9,56","33,18K","-1,26%"
"19.03.2016","10,31","10,97","11,10","9,78","67,55K","-4,00%"
"18.03.2016","10,74","11,09","11,20","8,34","157,37K","0,00%"
"17.03.2016","10,74","12,58","12,61","10,44","89,45K","-16,61%"
"16.03.2016","12,88","13,06","13,89","12,62","19,24K","-1,38%"
"15.03.2016","13,06","12,63","13,42","11,98","39,73K","4,48%"
"14.03.2016","12,50","15,07","15,07","11,40","92,18K","-17,05%"
"13.03.2016","15,07","12,92","15,07","12,92","1,30K","16,64%"
"12.03.2016","12,92","11,95","13,45","11,95","0,83K","8,12%"
"11.03.2016","11,95","11,75","11,95","11,75","0,18K","1,70%"
"10.03.2016","11,75","11,20","11,85","11,07","0,00K","4,91%"